<?xml version="1.0" encoding="utf-8"?>
<folder id="root" depth="0" parent="mine">  
	<folder id="hi1" depth="1" parent="ROOT">
		<file id="hi1-1" depth="2" parent="hi1"/>
		<file id="hi1-2" depth="2" parent="hi1"/>
		<folder id="hi3" depth="2" parent="hi1">
			<file id="hi3-1" depth="3" parent="hi3"/>
			<file id="hi3-2" depth="3" parent="hi3"/>
		</folder>	
	</folder>
	<file id="hi2" depth="1" parent="ROOT"> </file>
	<folder id="hi9" depth="1" parent="ROOT">
		<file id="hi9-1" depth="2" parent="hi9"/>
		<file id="hi9-2" depth="2" parent="hi9"/>	
	</folder>
<folder id="test" depth="99" parent="unkwown"/>
</folder>
